<?xml version="1.0" encoding="utf-8"?><asx:abap version="1.0" xmlns:asx="http://www.sap.com/abapxml"><asx:values><HEADER_DATA><item><KEY>UsageSystem</KEY><VALUE>SRC</VALUE></item><item><KEY>UsageSystemClient</KEY><VALUE>300</VALUE></item><item><KEY>AnalysisDataTimestamp</KEY><VALUE>20251030095613 </VALUE></item><item><KEY>ExtractingProgram</KEY><VALUE>RC_UDP_COLLECT_ANALYSIS_DATA</VALUE></item><item><KEY>ANALYSIS_START</KEY><VALUE>20251030 / 055448</VALUE></item><item><KEY>ANALYSIS_END</KEY><VALUE>20251030 / 055613</VALUE></item><item><KEY>USER</KEY><VALUE>DEMOXX</VALUE></item><item><KEY>LANGUAGE</KEY><VALUE>E</VALUE></item></HEADER_DATA></asx:values></asx:abap>