<?xml version="1.0" encoding="utf-8"?>
<RC_UDP_ORG_PROFILE><collector><CHECK_ID>CHECK00040</CHECK_ID><TITLE>CHECK00040 - Sales Organizations</TITLE><CHECK_START>20251030095449 </CHECK_START><CHECK_END>20251030095449 </CHECK_END><ACH>SD-BF-ACT</ACH><CHECK_STATUS>OK</CHECK_STATUS><INFO_MSG>Data collector successfully executed.</INFO_MSG><KPI/><TAB xmlns:asx="http://www.sap.com/abapxml"><item><VKORG>0001</VKORG><VTEXT>Sales Org. 001</VTEXT><BUKRS>0001</BUKRS><BUTXT>CONSAREA Germany</BUTXT><LAND1>DE</LAND1><ORT01>Walldorf</ORT01></item><item><VKORG>1000</VKORG><VTEXT>Sales Org 1000</VTEXT><BUKRS>1000</BUKRS><BUTXT>CONSAREA Technologies</BUTXT><LAND1>US</LAND1><ORT01>Palo Alto</ORT01></item><item><VKORG>2000</VKORG><VTEXT>Sales Org 2000</VTEXT><BUKRS>2000</BUKRS><BUTXT>CONSAREA Services</BUTXT><LAND1>US</LAND1><ORT01>Atlanta</ORT01></item></TAB></collector><collector><CHECK_ID>CHECK00180</CHECK_ID><TITLE>CHECK00180 - Company Codes - Organizational Assignment</TITLE><CHECK_START>20251030095450 </CHECK_START><CHECK_END>20251030095450 </CHECK_END><ACH>FI</ACH><CHECK_STATUS>OK</CHECK_STATUS><INFO_MSG>Data collector successfully executed.</INFO_MSG><KPI><item><KPI_ID>KPI_1</KPI_ID><KPI_VALUE1>6</KPI_VALUE1><KPI_VALUE2/><KPI_VALUE3/></item><item><KPI_ID>KPI_2</KPI_ID><KPI_VALUE1>1</KPI_VALUE1><KPI_VALUE2/><KPI_VALUE3/></item><item><KPI_ID>KPI_3</KPI_ID><KPI_VALUE1>3</KPI_VALUE1><KPI_VALUE2/><KPI_VALUE3/></item></KPI><TAB xmlns:asx="http://www.sap.com/abapxml"><item><BUKRS>0001</BUKRS><BUTXT>CONSAREA Germany</BUTXT><ORT01>Walldorf</ORT01><LAND1>DE</LAND1><WAERS>EUR</WAERS><KTOPL>INT</KTOPL><KTOP2/><PERIV>K4</PERIV><RCOMP/><FIKRS/><KKBER>0001</KKBER></item><item><BUKRS>1000</BUKRS><BUTXT>CONSAREA Technologies</BUTXT><ORT01>Palo Alto</ORT01><LAND1>US</LAND1><WAERS>USD</WAERS><KTOPL>0010</KTOPL><KTOP2/><PERIV>K4</PERIV><RCOMP>100000</RCOMP><FIKRS/><KKBER>1000</KKBER></item><item><BUKRS>1010</BUKRS><BUTXT>CONSAREA Systems</BUTXT><ORT01>Palo Alto</ORT01><LAND1>US</LAND1><WAERS>USD</WAERS><KTOPL>0010</KTOPL><KTOP2/><PERIV>K4</PERIV><RCOMP>100000</RCOMP><FIKRS/><KKBER>1000</KKBER></item><item><BUKRS>1020</BUKRS><BUTXT>CONSAREA Solutions</BUTXT><ORT01>Orlando</ORT01><LAND1>US</LAND1><WAERS>USD</WAERS><KTOPL>0010</KTOPL><KTOP2/><PERIV>K4</PERIV><RCOMP>200000</RCOMP><FIKRS/><KKBER>1000</KKBER></item><item><BUKRS>2000</BUKRS><BUTXT>CONSAREA Services</BUTXT><ORT01>Atlanta</ORT01><LAND1>US</LAND1><WAERS>USD</WAERS><KTOPL>0010</KTOPL><KTOP2/><PERIV>K4</PERIV><RCOMP>200000</RCOMP><FIKRS/><KKBER>1000</KKBER></item><item><BUKRS>3000</BUKRS><BUTXT>CONSAREA Energy</BUTXT><ORT01>New York</ORT01><LAND1>US</LAND1><WAERS>USD</WAERS><KTOPL>CANA</KTOPL><KTOP2/><PERIV>K4</PERIV><RCOMP/><FIKRS/><KKBER/></item></TAB></collector></RC_UDP_ORG_PROFILE>